hours,score
9.0,100.1072261072261
10.0,107.13053613053613
11.0,114.15384615384616
22.0,191.41025641025644
25.0,212.4801864801865
76.0,570.6689976689978
65.0,493.4125874125875
34.0,275.6899766899767
